millis,stamp,datetime,motion
999, 1567089094, 2019/8/29 14:31:34, Active
1999, 1567089095, 2019/8/29 14:31:35, Active
3000, 1567089096, 2019/8/29 14:31:36, Inactive
3999, 1567089097, 2019/8/29 14:31:37, Inactive
5000, 1567089098, 2019/8/29 14:31:38, Inactive
5998, 1567089099, 2019/8/29 14:31:39, Inactive
7000, 1567089100, 2019/8/29 14:31:40, Inactive
7998, 1567089101, 2019/8/29 14:31:41, Inactive
8999, 1567089102, 2019/8/29 14:31:42, Active
9999, 1567089103, 2019/8/29 14:31:43, Inactive
10999, 1567089104, 2019/8/29 14:31:44, Inactive
11999, 1567089105, 2019/8/29 14:31:45, Inactive
12999, 1567089106, 2019/8/29 14:31:46, Inactive
13999, 1567089107, 2019/8/29 14:31:47, Active
14998, 1567089108, 2019/8/29 14:31:48, Active
16000, 1567089109, 2019/8/29 14:31:49, Inactive
16999, 1567089110, 2019/8/29 14:31:50, Inactive
17999, 1567089111, 2019/8/29 14:31:51, Inactive
18999, 1567089112, 2019/8/29 14:31:52, Inactive
19999, 1567089113, 2019/8/29 14:31:53, Inactive
21000, 1567089114, 2019/8/29 14:31:54, Active
21999, 1567089115, 2019/8/29 14:31:55, Active
23000, 1567089116, 2019/8/29 14:31:56, Inactive
23998, 1567089117, 2019/8/29 14:31:57, Inactive
24999, 1567089118, 2019/8/29 14:31:58, Inactive
26000, 1567089119, 2019/8/29 14:31:59, Inactive
26999, 1567089120, 2019/8/29 14:32:0, Inactive
27999, 1567089121, 2019/8/29 14:32:1, Active
28999, 1567089122, 2019/8/29 14:32:2, Inactive
30000, 1567089123, 2019/8/29 14:32:3, Inactive
30998, 1567089124, 2019/8/29 14:32:4, Inactive
32000, 1567089125, 2019/8/29 14:32:5, Inactive
32999, 1567089126, 2019/8/29 14:32:6, Active
33998, 1567089127, 2019/8/29 14:32:7, Active
35000, 1567089128, 2019/8/29 14:32:8, Inactive
35998, 1567089129, 2019/8/29 14:32:9, Inactive
37000, 1567089130, 2019/8/29 14:32:10, Inactive
37999, 1567089131, 2019/8/29 14:32:11, Active
39000, 1567089132, 2019/8/29 14:32:12, Active
39998, 1567089133, 2019/8/29 14:32:13, Inactive
40999, 1567089134, 2019/8/29 14:32:14, Inactive
41999, 1567089135, 2019/8/29 14:32:15, Inactive
42998, 1567089136, 2019/8/29 14:32:16, Inactive
43999, 1567089137, 2019/8/29 14:32:17, Active
44998, 1567089138, 2019/8/29 14:32:18, Inactive
46000, 1567089139, 2019/8/29 14:32:19, Inactive
46999, 1567089140, 2019/8/29 14:32:20, Inactive
48000, 1567089141, 2019/8/29 14:32:21, Inactive
49000, 1567089142, 2019/8/29 14:32:22, Active
49999, 1567089143, 2019/8/29 14:32:23, Active
51000, 1567089144, 2019/8/29 14:32:24, Active
51999, 1567089145, 2019/8/29 14:32:25, Active
53000, 1567089146, 2019/8/29 14:32:26, Active
53999, 1567089147, 2019/8/29 14:32:27, Active
55000, 1567089148, 2019/8/29 14:32:28, Active
55999, 1567089149, 2019/8/29 14:32:29, Active
56999, 1567089150, 2019/8/29 14:32:30, Active
57999, 1567089151, 2019/8/29 14:32:31, Active
58998, 1567089152, 2019/8/29 14:32:32, Active
60000, 1567089153, 2019/8/29 14:32:33, Active
60999, 1567089154, 2019/8/29 14:32:34, Active
61999, 1567089155, 2019/8/29 14:32:35, Active
62999, 1567089156, 2019/8/29 14:32:36, Active
64000, 1567089157, 2019/8/29 14:32:37, Active
64999, 1567089158, 2019/8/29 14:32:38, Inactive
65999, 1567089159, 2019/8/29 14:32:39, Inactive
66999, 1567089160, 2019/8/29 14:32:40, Inactive
67999, 1567089161, 2019/8/29 14:32:41, Inactive
69000, 1567089162, 2019/8/29 14:32:42, Active
69998, 1567089163, 2019/8/29 14:32:43, Inactive
71000, 1567089164, 2019/8/29 14:32:44, Inactive
71999, 1567089165, 2019/8/29 14:32:45, Inactive
72999, 1567089166, 2019/8/29 14:32:46, Inactive
73999, 1567089167, 2019/8/29 14:32:47, Active
74999, 1567089168, 2019/8/29 14:32:48, Inactive
75999, 1567089169, 2019/8/29 14:32:49, Inactive
76998, 1567089170, 2019/8/29 14:32:50, Inactive
78000, 1567089171, 2019/8/29 14:32:51, Inactive
78999, 1567089172, 2019/8/29 14:32:52, Inactive
80000, 1567089173, 2019/8/29 14:32:53, Active
80999, 1567089174, 2019/8/29 14:32:54, Inactive
81999, 1567089175, 2019/8/29 14:32:55, Inactive
82999, 1567089176, 2019/8/29 14:32:56, Inactive
83999, 1567089177, 2019/8/29 14:32:57, Inactive
84999, 1567089178, 2019/8/29 14:32:58, Inactive
85999, 1567089179, 2019/8/29 14:32:59, Active
87000, 1567089180, 2019/8/29 14:33:0, Inactive
87999, 1567089181, 2019/8/29 14:33:1, Inactive
88999, 1567089182, 2019/8/29 14:33:2, Inactive
89999, 1567089183, 2019/8/29 14:33:3, Inactive
90998, 1567089184, 2019/8/29 14:33:4, Active
91998, 1567089185, 2019/8/29 14:33:5, Inactive
92999, 1567089186, 2019/8/29 14:33:6, Inactive
93999, 1567089187, 2019/8/29 14:33:7, Inactive
94999, 1567089188, 2019/8/29 14:33:8, Inactive
96000, 1567089189, 2019/8/29 14:33:9, Inactive
96999, 1567089190, 2019/8/29 14:33:10, Inactive
97999, 1567089191, 2019/8/29 14:33:11, Active
98999, 1567089192, 2019/8/29 14:33:12, Active
99999, 1567089193, 2019/8/29 14:33:13, Inactive
101000, 1567089194, 2019/8/29 14:33:14, Inactive
101998, 1567089195, 2019/8/29 14:33:15, Inactive
103000, 1567089196, 2019/8/29 14:33:16, Inactive
103999, 1567089197, 2019/8/29 14:33:17, Inactive
104999, 1567089198, 2019/8/29 14:33:18, Active
105999, 1567089199, 2019/8/29 14:33:19, Inactive
106999, 1567089200, 2019/8/29 14:33:20, Inactive
107999, 1567089201, 2019/8/29 14:33:21, Inactive
108999, 1567089202, 2019/8/29 14:33:22, Inactive
109999, 1567089203, 2019/8/29 14:33:23, Inactive
110999, 1567089204, 2019/8/29 14:33:24, Active
112000, 1567089205, 2019/8/29 14:33:25, Inactive
112999, 1567089206, 2019/8/29 14:33:26, Inactive
113998, 1567089207, 2019/8/29 14:33:27, Inactive
114999, 1567089208, 2019/8/29 14:33:28, Inactive
115999, 1567089209, 2019/8/29 14:33:29, Inactive
116999, 1567089210, 2019/8/29 14:33:30, Active
117999, 1567089211, 2019/8/29 14:33:31, Inactive
119000, 1567089212, 2019/8/29 14:33:32, Inactive
119998, 1567089213, 2019/8/29 14:33:33, Inactive
120999, 1567089214, 2019/8/29 14:33:34, Inactive
121999, 1567089215, 2019/8/29 14:33:35, Inactive
122998, 1567089216, 2019/8/29 14:33:36, Inactive
123999, 1567089217, 2019/8/29 14:33:37, Active
124999, 1567089218, 2019/8/29 14:33:38, Active
126000, 1567089219, 2019/8/29 14:33:39, Active
126999, 1567089220, 2019/8/29 14:33:40, Active
